,temp_a,temp_b,temp_c
2011-01-01 00:00:00,16.857987929325823,39.92413251166085,27.296262753031332
2011-01-01 01:00:00,68.57415436812454,99.77478266888663,65.32950465554588
2011-01-01 02:00:00,73.35904371745208,43.29660985971038,81.77977917776266
2011-01-01 03:00:00,12.168363905323842,69.79424968259993,70.6613543221918
2011-01-01 04:00:00,21.038560019199657,93.34776625226128,88.93652803436008
2011-01-01 05:00:00,43.84933589216973,29.05330159773053,4.923655935711457
2011-01-01 06:00:00,72.2357743609918,46.1816418660855,79.59343111703295
2011-01-01 07:00:00,29.605958419093646,99.19248734378311,64.36636259186395
2011-01-01 08:00:00,54.01245972172044,83.659993431913,10.084440781344139
2011-01-01 09:00:00,17.477173115230315,95.47070454876703,0.4923606530487068
2011-01-01 10:00:00,16.042884398209356,76.3060804971401,18.943056602950627
2011-01-01 11:00:00,81.36565540621125,29.46758013742763,48.906316596678145
2011-01-01 12:00:00,47.13375440770774,17.162976156612398,68.68189650700178
2011-01-01 13:00:00,21.477947771716966,61.900491774649566,5.667474501700087
2011-01-01 14:00:00,86.92224224716195,80.24726346623042,46.056551465956744
2011-01-01 15:00:00,59.82742041136003,6.399985154349341,63.23372775830758
2011-01-01 16:00:00,84.42631775414256,32.64809248935438,90.70117976812644
2011-01-01 17:00:00,12.07822387007863,18.09181114269035,16.213778264475053
2011-01-01 18:00:00,11.059889809672274,24.65636619129978,1.8631099195230316
2011-01-01 19:00:00,48.944850363177515,73.57230060914837,73.69666504401312
2011-01-01 20:00:00,92.16706910912664,75.82506217514833,6.4758261165576485
2011-01-01 21:00:00,56.78302112045459,18.876003611260217,36.45074951075997
2011-01-01 22:00:00,31.39954235348048,13.523676724089162,63.16791536420463
2011-01-01 23:00:00,48.41462091802623,32.25303763426691,96.03188948364058
2011-01-02 00:00:00,82.62645775247648,62.690768224768526,57.917039651692214
2011-01-02 01:00:00,13.051841869515691,73.50457288323946,80.27185805014845
2011-01-02 02:00:00,59.37189876061672,73.2672654270636,5.138516803606741
2011-01-02 03:00:00,58.526019743140544,71.66243890467709,5.41287179384764
2011-01-02 04:00:00,18.001741339141685,58.86408510844821,27.530366001629446
2011-01-02 05:00:00,18.373618723693454,47.57898859878411,28.331321045376246
2011-01-02 06:00:00,7.4957125919772665,65.25322829399875,49.99622375435116
2011-01-02 07:00:00,9.484404415121928,1.9793953872653813,21.34368314499421
2011-01-02 08:00:00,0.9930820853217726,74.6270269983061,34.845409714318585
2011-01-02 09:00:00,93.83215597952717,65.97435956400383,28.226804675555172
2011-01-02 10:00:00,13.222574660736175,24.28276123063673,33.25589071901719
2011-01-02 11:00:00,61.96508000807338,35.22907822967555,61.81363568441811
2011-01-02 12:00:00,21.077700425100222,20.13974290915329,44.7072566507605
2011-01-02 13:00:00,34.98651611163277,39.438634689583694,16.1774614584385
2011-01-02 14:00:00,86.98428867136793,61.34567172249291,41.58457072697438
2011-01-02 15:00:00,61.194589046513784,88.08557368420905,8.511750083286119
2011-01-02 16:00:00,1.4115980946031503,64.7551071577284,69.0355371989868
2011-01-02 17:00:00,71.81652662735448,15.180060565264842,87.60792848747516
2011-01-02 18:00:00,95.90386469880488,1.8626890644799943,28.303994460170955
2011-01-02 19:00:00,8.281481985343909,94.0046576887211,21.690770952736315
2011-01-02 20:00:00,50.99065428198867,67.86488444921987,69.45031271240323
2011-01-02 21:00:00,54.4360708059226,73.11276965663183,29.772744243894845
2011-01-02 22:00:00,64.92872965525642,76.38667975438396,24.712620627715587
2011-01-02 23:00:00,24.200995432501347,28.33082473834584,16.35068837940813
2011-01-03 00:00:00,64.68087261921627,76.32708950427536,53.37210527025895
2011-01-03 01:00:00,71.41950224987743,27.48714317212665,98.861517232605
2011-01-03 02:00:00,37.22213811657132,46.127617992629396,2.666971026911813
2011-01-03 03:00:00,38.789055663226826,8.511389973163597,2.6784988477832616
2011-01-03 04:00:00,10.941254631273834,88.47286410796907,10.476041567800308
2011-01-03 05:00:00,82.64844737275561,16.491498873502085,82.90093336432265
2011-01-03 06:00:00,12.007047906334446,83.11194620761351,90.23198897429494
2011-01-03 07:00:00,56.70005327405272,6.677767179275151,73.27187878180203
2011-01-03 08:00:00,98.6471015588995,66.23618440816526,50.54960260169329
2011-01-03 09:00:00,5.670903386269355,90.31449174369247,47.58734871112503
2011-01-03 10:00:00,78.86792641298122,42.98100307896926,32.18782435516072
2011-01-03 11:00:00,16.48710439712393,82.27315784166706,95.52623889478974
2011-01-03 12:00:00,36.42334805018539,15.411004922941352,74.37228467854627
2011-01-03 13:00:00,57.67031553210382,64.65540973053902,13.114878100815929
2011-01-03 14:00:00,95.2239750459084,81.29554344169874,33.93307518723909
2011-01-03 15:00:00,86.25562455755902,44.51609399403289,96.03288670007787
2011-01-03 16:00:00,64.72877192306031,75.23762940523083,1.3430117715105383
2011-01-03 17:00:00,91.06796742585618,27.09858630421762,2.0139045626928365
2011-01-03 18:00:00,60.572127398077214,24.419012810473816,34.10428644843383
2011-01-03 19:00:00,92.69086024264995,17.769658420897116,29.547528664182522
2011-01-03 20:00:00,59.76237270480357,4.2511802576252204,56.99138579460151
2011-01-03 21:00:00,78.89398674933966,93.52494956598721,46.215057331921436
2011-01-03 22:00:00,31.071858407108277,30.434397949411217,4.913769250650701
2011-01-03 23:00:00,92.61385661928988,95.68277912090403,97.57918560193718
2011-01-04 00:00:00,87.59424785075952,63.84623382663541,27.794613568649453
2011-01-04 01:00:00,13.026544937344298,20.25660229605223,51.60204991598407
2011-01-04 02:00:00,81.41349332760183,94.21890982535697,10.56144055272008
2011-01-04 03:00:00,78.08336640456713,6.492855629491034,65.53488483295496
2011-01-04 04:00:00,94.81435560060376,75.24233023322347,98.93371028809274
2011-01-04 05:00:00,67.190008347032,16.81896970890071,85.46058183762078
2011-01-04 06:00:00,22.381929405169075,84.96470938450683,13.392422293386652
2011-01-04 07:00:00,59.78497839290756,8.415576326439956,72.09571896562313
2011-01-04 08:00:00,82.12967310210834,74.07212356044793,52.72954112162807
2011-01-04 09:00:00,62.96722007826461,64.34298532402974,25.9569309248878
2011-01-04 10:00:00,10.578076424885163,88.68723572941,72.68954887790248
2011-01-04 11:00:00,41.29196551207281,2.8148304741708374,34.35453364440612
2011-01-04 12:00:00,98.0983385813281,6.165614557751531,75.39978609288993
2011-01-04 13:00:00,40.24946428789197,75.61433649744046,64.54044412442516
2011-01-04 14:00:00,69.75365867804389,12.034258251234242,3.682766129674897
2011-01-04 15:00:00,97.01013877149894,38.575037551891015,60.1381155785339
2011-01-04 16:00:00,7.910094827228765,50.108391361750506,44.28668720224045
2011-01-04 17:00:00,40.93271798395101,83.19187419211966,88.1335274566391
2011-01-04 18:00:00,24.151745269544445,75.63682552854155,59.63470694945021
2011-01-04 19:00:00,17.44048375330618,7.295004479783119,88.29095460679818
2011-01-04 20:00:00,12.362092333006903,22.948922636839974,73.88857320933978
2011-01-04 21:00:00,55.87791851697289,44.15011282399837,89.76482859317879
2011-01-04 22:00:00,29.46531503085794,60.62260260599687,72.07346849417272
2011-01-04 23:00:00,80.95114988551903,59.96584265955324,18.74062837102761
2011-01-05 00:00:00,42.52500855535527,39.175900459030935,97.17637929199505
2011-01-05 01:00:00,74.01513110281577,43.69643465704005,84.51780206517606
2011-01-05 02:00:00,49.19431836131216,46.76532238210699,0.5149438205585111
2011-01-05 03:00:00,77.37968814574195,95.58607629695935,49.855657824248844
2011-01-05 04:00:00,8.29197332181163,43.21718022310959,51.56763147691537
2011-01-05 05:00:00,17.59111540407193,24.98039483246266,77.10318227911051
2011-01-05 06:00:00,77.3498361166547,93.43982876543268,69.49163729439933
2011-01-05 07:00:00,22.334668692192807,45.501190875220544,70.1481342699372
2011-01-05 08:00:00,1.147750246234136,82.46443249874179,38.92576721095142
2011-01-05 09:00:00,23.14966454381564,98.4607424617131,97.96609554419831
2011-01-05 10:00:00,96.27103268544019,65.25868669080623,68.74624946895092
2011-01-05 11:00:00,92.44015329619927,93.97670283388496,57.30569021245557
2011-01-05 12:00:00,20.65848671157039,79.73479378163502,69.95121671289328
2011-01-05 13:00:00,2.8013612121312925,52.91981624160884,43.29458272089523
2011-01-05 14:00:00,52.32171663755788,39.20662976051739,68.15189143410305
2011-01-05 15:00:00,66.28532843575631,90.75456752213353,3.5660088164319093
2011-01-05 16:00:00,53.817955238421966,81.4167392448673,70.39284238453102
2011-01-05 17:00:00,62.33423252586262,55.43939378118551,54.65529649390967
2011-01-05 18:00:00,61.61485592633309,4.710592907863709,40.632593404621375
2011-01-05 19:00:00,2.8858807688387,0.2390183227517162,22.844403595258623
2011-01-05 20:00:00,90.43009566987644,15.023183272569796,42.628277263062145
2011-01-05 21:00:00,13.218141846578513,84.93733577024548,59.74890544874345
2011-01-05 22:00:00,1.137488031159184,38.45174100118811,83.46765786642753
2011-01-05 23:00:00,67.87121575649448,4.02902853494288,4.243797085086576
2011-01-06 00:00:00,4.488426713454197,71.55043761834877,73.42182457795371
2011-01-06 01:00:00,2.9568355329814278,31.261086253387894,66.67463834516626
2011-01-06 02:00:00,25.259504100403863,5.454235550331843,71.35463462451526
2011-01-06 03:00:00,68.43341090649997,33.22916508399513,69.61938389281961
2011-01-06 04:00:00,54.78340584320116,38.06770558090717,7.351416695590107
2011-01-06 05:00:00,78.79257364226616,29.682231322459117,26.30893386916061
2011-01-06 06:00:00,79.13484002869464,20.08277411823428,51.711298660659466
2011-01-06 07:00:00,23.406833594909926,52.49539633162643,62.166426461616275
2011-01-06 08:00:00,34.891105250342,13.447095604535964,77.36297648914797
2011-01-06 09:00:00,3.7093295722964714,59.72947296496709,59.30041010356876
2011-01-06 10:00:00,36.85423490550832,33.50068186506604,46.670323520478505
2011-01-06 11:00:00,2.153255065766624,7.699239339615749,51.65650941895205
2011-01-06 12:00:00,19.709441779416004,43.97038430800602,23.512368074369704
2011-01-06 13:00:00,1.466179714916216,55.47699283659142,66.52776554364806
2011-01-06 14:00:00,48.764476522609066,59.23756595940654,5.8795370449401085
2011-01-06 15:00:00,60.093274619006024,33.847907263229324,20.807160647732793
2011-01-06 16:00:00,32.409757139382236,46.5737610826622,8.10296707252467
2011-01-06 17:00:00,44.44820804522178,78.574406350133,19.50456228888119
2011-01-06 18:00:00,77.34299826396305,70.63320415353887,16.29869496093623
2011-01-06 19:00:00,99.2178569434121,76.39408364485291,3.86159593096308
2011-01-06 20:00:00,77.53153704288856,71.65574600727518,93.76946734082365
2011-01-06 21:00:00,11.325852897513322,84.03541690663629,21.526978668931353
2011-01-06 22:00:00,92.0142928871917,53.711071358898735,71.35285227732248
2011-01-06 23:00:00,30.75344529988585,62.820148812324476,68.51057184291629
2011-01-07 00:00:00,88.46059786464546,97.00997794410938,49.80716936902003
2011-01-07 01:00:00,6.6013943873969865,81.23427358624234,16.58429017095572
2011-01-07 02:00:00,88.8758535637111,32.413469740145686,15.012149301595379
2011-01-07 03:00:00,17.929240945650704,16.652333947331087,68.15835151213825
2011-01-07 04:00:00,94.03498990564059,17.463619364653916,73.33496657722614
2011-01-07 05:00:00,73.96684567179139,21.169945344330877,32.04427235194729
2011-01-07 06:00:00,55.66287262408004,20.34423536512685,21.716003657407366
2011-01-07 07:00:00,17.844942767124273,17.12514445149734,29.58641681644455
2011-01-07 08:00:00,78.8159047802744,37.76790096127884,33.91197932992953
2011-01-07 09:00:00,28.160711165132813,58.28309913507409,27.140289605608846
2011-01-07 10:00:00,27.895734201601595,31.137510243648325,50.23806560956636
2011-01-07 11:00:00,93.49361107608755,74.52177373371072,97.85101299007385
2011-01-07 12:00:00,47.82351678721963,2.5142365195672256,93.31243850406189
2011-01-07 13:00:00,30.32214404556399,28.32362576257679,60.95204177393616
2011-01-07 14:00:00,61.28526275184384,39.88202999844045,15.957394162130567
2011-01-07 15:00:00,54.05275386828203,29.14646186703489,80.22053421212503
2011-01-07 16:00:00,39.97742229679774,27.56015253994769,98.0781849727395
2011-01-07 17:00:00,5.655493794968325,53.9116420090255,84.34575149707769
2011-01-07 18:00:00,73.62342489264849,26.11042271688071,67.01272144781018
2011-01-07 19:00:00,14.865555744271486,48.01273961363697,24.720803971181947
2011-01-07 20:00:00,44.7941171497454,92.91230986611262,67.70483655177225
2011-01-07 21:00:00,54.41846642480434,39.747553734293284,1.0865951090718307
2011-01-07 22:00:00,88.04385434103486,37.32757754482585,32.96034464018871
2011-01-07 23:00:00,22.53866892297266,25.8241823090821,86.11505880575491
2011-01-08 00:00:00,86.06649060777355,26.424321936390406,89.22785699874878
2011-01-08 01:00:00,77.55812792198637,15.2923765479422,53.894316594383774
2011-01-08 02:00:00,23.105303207121718,86.71200592196367,46.50854292693961
2011-01-08 03:00:00,68.6905493245642,92.2737643668449,92.66533630821262
2011-01-08 04:00:00,1.4242120925757273,84.72361994911691,68.21779226719973
2011-01-08 05:00:00,52.75367992490211,34.21802200355688,43.2451628233819
2011-01-08 06:00:00,70.02044797042642,83.86525163321362,20.807430808035356
2011-01-08 07:00:00,85.74880143431264,37.76099842706204,50.25436791775786
2011-01-08 08:00:00,5.532413064063713,39.48272512720384,6.434403930890353
2011-01-08 09:00:00,63.82111869449177,91.24433293110651,67.49091003715397
2011-01-08 10:00:00,34.4228985559067,17.714274608994618,66.30577000785308
2011-01-08 11:00:00,83.04837800962886,8.589208855524266,4.72775553377206
2011-01-08 12:00:00,16.53420981588868,13.950086575684628,69.6348068526743
2011-01-08 13:00:00,28.23612050797041,15.244796588848853,54.751830747152894
2011-01-08 14:00:00,96.32236505200973,60.56528366465761,69.11858138190631
2011-01-08 15:00:00,25.22023018719821,50.24991256727752,26.506659883662465
2011-01-08 16:00:00,12.582374150280906,93.97100955710526,41.41502837742497
2011-01-08 17:00:00,32.113458738430545,1.8462356558060833,41.45620329183907
2011-01-08 18:00:00,40.900335144491585,25.54480955040841,90.60798996516115
2011-01-08 19:00:00,93.44223977671187,55.94771828161418,92.76496011117388
2011-01-08 20:00:00,0.8236494945109585,23.489074563930913,57.010192264853835
2011-01-08 21:00:00,2.585800466517929,55.9897843588678,40.292308764485426
2011-01-08 22:00:00,0.12417877844627112,97.14673870448499,83.3840297460956
2011-01-08 23:00:00,25.953915552296504,10.438436217143332,86.64043862931172
2011-01-09 00:00:00,85.66727764359324,83.57147874997455,66.09635758182847
2011-01-09 01:00:00,12.324097817377687,59.881297357458294,88.3044997806547
2011-01-09 02:00:00,11.06086430318397,25.44964992437775,10.991687625573176
2011-01-09 03:00:00,1.167961821093566,31.088577477117806,24.507848144439293
2011-01-09 04:00:00,37.40144070711507,19.55887704901955,28.95851979777875
2011-01-09 05:00:00,83.95398478072325,95.54738235422673,73.39416287256842
2011-01-09 06:00:00,5.397143922013548,75.53213929871566,99.59716236481245
2011-01-09 07:00:00,99.79153261859997,70.14531863378512,34.09903972410798
2011-01-09 08:00:00,90.42331485523306,26.953265209314825,72.66465497825388
2011-01-09 09:00:00,93.27682025202758,71.82281125457295,20.899309438283677
2011-01-09 10:00:00,11.355638728573847,94.8676176118971,53.91634384240282
2011-01-09 11:00:00,18.331542302016977,65.02624808549939,83.12726487095277
2011-01-09 12:00:00,26.38824078721256,92.84454710589335,31.5196173898863
2011-01-09 13:00:00,78.64881020332066,46.39275375755587,83.17019082195888
2011-01-09 14:00:00,9.148536100392512,81.25538682944278,49.66105694681352
2011-01-09 15:00:00,21.01984843879947,99.80513707793978,87.85731319592703
2011-01-09 16:00:00,87.34193815123275,97.10774013504883,9.227091670217858
2011-01-09 17:00:00,84.30163479495015,76.37391895807698,39.00434746432553
2011-01-09 18:00:00,51.16464069384431,70.93010841602373,64.7610665470755
2011-01-09 19:00:00,53.11604808058901,25.673740360613262,33.60127698948334
2011-01-09 20:00:00,6.036560107860522,75.36222906650309,15.114646428391632
2011-01-09 21:00:00,17.158841350250455,72.83824020763106,43.453181772775615
2011-01-09 22:00:00,98.13938021118304,17.903256841024895,3.1688661975145638
2011-01-09 23:00:00,23.807728751729506,56.78994599025844,37.640466776899274
2011-01-10 00:00:00,50.922132995406265,88.5760756538903,6.297946046453551
2011-01-10 01:00:00,9.473286823890625,70.79304274204388,61.12343095195415
2011-01-10 02:00:00,67.24109910413114,35.959767447947385,75.16609916571014
2011-01-10 03:00:00,25.37321916174057,76.37385830194599,62.1412509506029
2011-01-10 04:00:00,56.67205280508646,78.50383239885538,57.26281012488086
2011-01-10 05:00:00,44.0168252622066,10.4305010690932,15.23901010879738
2011-01-10 06:00:00,77.03739517771184,40.979342979167676,91.11963155326794
2011-01-10 07:00:00,79.79045641146513,85.25501417237045,68.31392684035642
2011-01-10 08:00:00,70.90883938230216,25.38228857404078,80.25378783671893
2011-01-10 09:00:00,10.377198988236492,81.6311189902485,20.6551377273018
2011-01-10 10:00:00,90.8466841963937,63.814418535828764,24.360039839175553
2011-01-10 11:00:00,25.81772252443344,38.75804206822123,58.17446340569883
2011-01-10 12:00:00,33.569203835457415,87.54313899361475,61.509095938584956
2011-01-10 13:00:00,85.33291011195502,61.93557024608148,33.01835829133055
2011-01-10 14:00:00,5.090604852649749,30.016887851430297,1.6587456300185877
2011-01-10 15:00:00,82.2671058153649,94.11993320915721,65.31011582043261
2011-01-10 16:00:00,65.51026465129736,54.6086191704916,60.17438731630329
2011-01-10 17:00:00,44.057115642770114,81.0698936317524,58.72233608280647
2011-01-10 18:00:00,97.00768449115112,6.661084727227173,36.15128771122242
2011-01-10 19:00:00,0.5815142419935082,93.15382079378412,80.46570900646859
2011-01-10 20:00:00,24.882666706259513,70.90089199138188,13.26584746159295
2011-01-10 21:00:00,16.68036688073844,27.609156894401565,70.37362031403514
2011-01-10 22:00:00,52.63836705225211,23.826431368972422,55.313580515387514
2011-01-10 23:00:00,63.56366277873469,71.49747697103614,49.21782979922864
2011-01-11 00:00:00,95.2906243439812,60.767915265294945,81.26107158755863
2011-01-11 01:00:00,18.422417903348197,20.86408136590202,51.83694704074858
2011-01-11 02:00:00,7.229427899031615,21.309349037233105,22.015279257703767
2011-01-11 03:00:00,97.7202577721878,29.037024106856315,16.605627684227642
2011-01-11 04:00:00,72.61001183452834,45.34783169076998,75.95073009257153
2011-01-11 05:00:00,95.01422711380279,83.83556182767639,98.4412610291012
2011-01-11 06:00:00,15.94340599788502,43.926536200519884,79.87231668662719
2011-01-11 07:00:00,76.3015720100299,40.9581178999718,68.24706509786593
2011-01-11 08:00:00,55.36692291795461,60.1866559273993,62.685536752733775
2011-01-11 09:00:00,25.413671141638726,75.13003614262348,66.27982213427111
2011-01-11 10:00:00,10.306031226365864,29.731041689366265,96.42008128447583
2011-01-11 11:00:00,48.68338511515709,42.091883348889084,45.19483282929745
2011-01-11 12:00:00,13.987401029265968,90.14057658999542,21.405354423631927
2011-01-11 13:00:00,62.375496484081836,62.06435392934636,70.77739318490721
2011-01-11 14:00:00,16.67871585365024,47.87250905471859,85.88456613221899
2011-01-11 15:00:00,73.16137074664675,33.81694101904631,51.54552933702775
2011-01-11 16:00:00,67.1037028380467,48.12896936346181,11.014585519814391
2011-01-11 17:00:00,89.12906470613645,41.87384868793548,80.42140819168566
2011-01-11 18:00:00,74.20473187188884,19.84941513212487,54.532413820699645
2011-01-11 19:00:00,17.507508244960356,11.149081303623099,19.376232902757184
2011-01-11 20:00:00,59.80559430825492,33.48600894841255,57.895440922659226
2011-01-11 21:00:00,54.42649316595163,79.41079958958422,31.243996682845143
2011-01-11 22:00:00,94.35882451960546,10.882805530602113,85.48610377071816
2011-01-11 23:00:00,59.711788118813516,65.9876698432454,7.235733089738794
2011-01-12 00:00:00,59.23591362165865,36.33325600283395,44.090605929675434
2011-01-12 01:00:00,59.176741301174786,5.371153118140448,74.71714931954068
2011-01-12 02:00:00,75.81064946412765,59.43792228082072,64.8676731813057
2011-01-12 03:00:00,33.40421060848416,8.029637706610671,28.070545406369874
2011-01-12 04:00:00,84.76425590656596,30.718451586019857,97.36352064739829
2011-01-12 05:00:00,48.57368563173855,85.01524614686485,21.93127248954829
2011-01-12 06:00:00,81.32094299844172,10.658447560446794,12.932549715159759
2011-01-12 07:00:00,34.88074629439977,48.20973166195714,47.14333635308038
2011-01-12 08:00:00,99.08490814427327,70.94567694139839,93.51086889717529
2011-01-12 09:00:00,24.481717202781795,33.05399244542693,28.096239638275712
2011-01-12 10:00:00,56.30447510011525,92.95586728656535,55.776019483902154
2011-01-12 11:00:00,31.645549464074485,68.1539121209026,19.067524307249805
2011-01-12 12:00:00,57.96574709810302,79.317064856053,62.06408405659114
2011-01-12 13:00:00,99.24849014131769,11.735996802206694,45.57239381940169
2011-01-12 14:00:00,35.6938715078563,16.279902630088905,32.96489636694571
2011-01-12 15:00:00,20.076459246024992,35.617648417621105,67.67893100952269
2011-01-12 16:00:00,16.626609332302213,40.360122029163804,28.73189106744626
2011-01-12 17:00:00,68.2190157511694,75.98209220082055,28.412732142112528
2011-01-12 18:00:00,45.79146101581229,47.559963852572466,24.456015822815623
2011-01-12 19:00:00,83.8296673266149,95.14739906141511,64.97853505271038
2011-01-12 20:00:00,82.81627265824231,45.658989780264456,66.9174246328187
2011-01-12 21:00:00,30.380390686612657,99.71009405376219,33.61772485000847
2011-01-12 22:00:00,37.74361662348159,12.017850263705032,75.96286607466737
2011-01-12 23:00:00,54.11182667502111,60.89818837725773,11.661879650752361
2011-01-13 00:00:00,72.27028219267201,62.58668687428045,16.09984015631246
2011-01-13 01:00:00,72.51698482517726,63.97868322036084,77.01811808499966
2011-01-13 02:00:00,20.162710253051475,70.44596357951572,5.5240388728618806
2011-01-13 03:00:00,12.669120929828582,23.752116503598366,64.4613631141172
2011-01-13 04:00:00,69.39749657558323,9.356209026611872,81.51154084131798
2011-01-13 05:00:00,95.69106346494735,38.16555729208858,15.755363249784004
2011-01-13 06:00:00,59.06765837266767,59.71624042954754,34.037679269250575
2011-01-13 07:00:00,46.031592012151165,63.10992142826638,93.6046128752004
2011-01-13 08:00:00,44.38879245658147,37.03622458801864,94.47764290212764
2011-01-13 09:00:00,68.1995175734246,71.62778284498323,75.348258156902
2011-01-13 10:00:00,71.0229384574513,85.02986777759148,31.243044512972396
2011-01-13 11:00:00,11.975475851094664,37.710672667698745,11.420507215211707
2011-01-13 12:00:00,63.0516231401386,76.7877869874659,8.020094569151127
2011-01-13 13:00:00,69.30282987578958,44.51347621414601,1.321678697785078
2011-01-13 14:00:00,53.22579805217443,6.161953808282361,35.46241934558289
2011-01-13 15:00:00,51.355840206364114,45.44048682789864,7.25387644442006
2011-01-13 16:00:00,69.11407402235689,88.21599978358988,0.5643221413702548
2011-01-13 17:00:00,47.49309254882578,0.7874982290949073,88.19080011937005
2011-01-13 18:00:00,8.29980763511612,49.70707908828215,49.08995579008868
2011-01-13 19:00:00,94.48643000440366,74.93050517715155,55.569638321019056
2011-01-13 20:00:00,82.9745233413987,76.39757919876314,43.826162147447356
2011-01-13 21:00:00,81.3063550070754,43.61454330476511,54.38355455228706
2011-01-13 22:00:00,85.01683449451887,84.09842524723668,54.816016398198286
2011-01-13 23:00:00,91.23022846232888,12.076895676802724,10.57403022253366
2011-01-14 00:00:00,64.02389596627546,72.79896967782985,81.1201085670621
2011-01-14 01:00:00,40.62296885052713,67.14876916231974,86.23241001839578
2011-01-14 02:00:00,56.38295937284693,61.3490669608619,95.17158953419488
2011-01-14 03:00:00,71.76385477807486,1.478606136522398,68.72797095305582
2011-01-14 04:00:00,75.93913316668376,74.81310503673761,84.59373403043952
2011-01-14 05:00:00,32.86556342940224,20.316408587429468,72.49165700897623
2011-01-14 06:00:00,73.59457895430052,27.173441870609828,1.7816720892711357
2011-01-14 07:00:00,82.3604482753696,90.03460679021619,45.34162649432363
2011-01-14 08:00:00,55.394933547111435,25.80737607163577,59.15924987641839
2011-01-14 09:00:00,64.83614586645336,70.78416217731088,42.567937386203106
2011-01-14 10:00:00,10.069557447964472,37.874987633148635,78.76453659973569
2011-01-14 11:00:00,88.48856519810325,66.85819032711389,35.024530829889834
2011-01-14 12:00:00,33.6341338452856,76.96139612642664,22.572155027620212
2011-01-14 13:00:00,34.1770034167636,36.205009916250134,34.53970846326098
2011-01-14 14:00:00,90.22144557960881,16.037594476169915,37.3941640597176
2011-01-14 15:00:00,11.154565623405222,15.633293289894102,13.679376632936325
2011-01-14 16:00:00,72.48119047511294,52.125840407308374,66.26092477346106
2011-01-14 17:00:00,28.334542726527758,3.5047927319758254,44.888344152400904
2011-01-14 18:00:00,98.31407351331472,23.16185123254837,93.95544658235285
2011-01-14 19:00:00,0.822485162220421,31.198484619970056,55.76970474750811
2011-01-14 20:00:00,50.81310437946218,31.556262575991813,71.01744175979243
2011-01-14 21:00:00,14.768710444966725,98.84348816491149,92.03748474638721
2011-01-14 22:00:00,85.68304453368036,48.82243853872671,58.88317648156731
2011-01-14 23:00:00,32.304981703612654,71.27242401156806,37.763402357737675
2011-01-15 00:00:00,54.784383662247436,95.60000400601378,40.91525130812778
2011-01-15 01:00:00,35.95436436245565,71.79523708909518,42.27895679680537
2011-01-15 02:00:00,60.47479291008886,66.22506311164067,99.16265788266755
2011-01-15 03:00:00,11.595770203868561,32.93418451044192,20.44411336923885
2011-01-15 04:00:00,46.144154826576944,76.67094446992657,19.618761791046868
2011-01-15 05:00:00,89.15586061887201,30.356592805875138,4.195218877767615
2011-01-15 06:00:00,99.48325350327136,33.11594885920559,88.39729365851117
2011-01-15 07:00:00,68.53532536211927,29.91881218407466,57.14463230161782
2011-01-15 08:00:00,10.002245393850506,24.62853102146818,19.27935766140525
2011-01-15 09:00:00,76.44065582286542,93.43372090025579,88.69595172533394
2011-01-15 10:00:00,58.703518890256454,36.514310362269676,82.71948939534398
2011-01-15 11:00:00,64.341611443726,83.72172341829234,16.904774518733646
2011-01-15 12:00:00,74.5971193187653,14.84621919330884,5.834925165382188
2011-01-15 13:00:00,67.50368455040537,47.22409450101035,39.57715567191059
2011-01-15 14:00:00,52.01123383419348,14.426578986145422,99.75013242563615
2011-01-15 15:00:00,55.08835361366937,76.37656435716238,22.373432795915804
2011-01-15 16:00:00,25.886250119228947,13.974407320678338,84.59612873572804
2011-01-15 17:00:00,60.012825560723435,42.74863978389373,21.75208505722108
2011-01-15 18:00:00,45.05142764744385,25.465531229994355,12.742705034347857
2011-01-15 19:00:00,19.696426308291535,66.20951437044552,0.08891897680803895
2011-01-15 20:00:00,31.942106799952686,18.481530732013553,47.929030697123665
2011-01-15 21:00:00,29.501401666849002,4.829780594151922,13.134649250569996
2011-01-15 22:00:00,9.184776510224403,60.703587196388234,48.32124329151436
2011-01-15 23:00:00,91.68754917192307,69.07526117690914,0.8341997170744353
2011-01-16 00:00:00,84.31371837862545,32.804629968324704,96.56739648519435
2011-01-16 01:00:00,51.15852959013421,27.98700724271399,92.54095269738258
2011-01-16 02:00:00,70.28920635318092,86.241207378077,51.33023779617061
2011-01-16 03:00:00,19.65173029930083,28.770543540211825,76.66509556389664
2011-01-16 04:00:00,32.64169727202185,34.673123038151274,60.21361738585198
2011-01-16 05:00:00,47.39594565306178,77.15935357020284,24.241884682413904
2011-01-16 06:00:00,67.96111722509795,44.1978780185892,42.820504421108474
2011-01-16 07:00:00,76.44844666237252,58.79119914293162,31.767658674644473
2011-01-16 08:00:00,62.02352602092041,73.73396295071328,37.67432521982772
2011-01-16 09:00:00,57.46381229864982,98.02577528260642,86.30671192193685
2011-01-16 10:00:00,5.805854173140268,66.94838154479855,99.99946662369146
2011-01-16 11:00:00,4.346768229527099,9.40760649130966,82.41201888344449
2011-01-16 12:00:00,38.69680466161921,21.642550613757884,12.960285735659705
2011-01-16 13:00:00,49.29911516894957,6.2324900338593725,85.04462333119429
2011-01-16 14:00:00,88.90021300421932,28.591932605227242,9.39987734792952
2011-01-16 15:00:00,29.914115618327497,14.2631948463387,90.86669760456734
2011-01-16 16:00:00,32.03102934762562,43.36666536336129,12.342039898771262
2011-01-16 17:00:00,81.19083438707982,34.74797320587537,26.181696968179715
2011-01-16 18:00:00,33.38492667659872,61.31236114212045,66.15274310586913
2011-01-16 19:00:00,49.897168752489286,40.5378654278829,1.0001620478898965
2011-01-16 20:00:00,90.41814729706819,38.73796909119871,61.12409904358236
2011-01-16 21:00:00,80.11307823352274,95.65379564219435,94.44165819624676
2011-01-16 22:00:00,20.683550913358673,41.92701222549346,88.53301674830308
2011-01-16 23:00:00,66.08157492432707,92.3831430959063,71.41000333713127
2011-01-17 00:00:00,21.166640339907783,42.58432228079687,51.997382761933466
2011-01-17 01:00:00,39.18266546279814,98.11422163609642,54.704159703563015
2011-01-17 02:00:00,48.548582670475135,93.27267694663766,9.263526679066668
2011-01-17 03:00:00,69.16902543198184,46.24530070366703,63.23101072134282
2011-01-17 04:00:00,71.41352817449214,31.997402898384696,10.907461431196609
2011-01-17 05:00:00,56.317771131293725,86.09247326975246,38.682392817075126
2011-01-17 06:00:00,21.27917379757559,67.78541062905768,20.730735763838716
2011-01-17 07:00:00,77.9339781258552,93.24695514375577,98.59668723532596
2011-01-17 08:00:00,19.45513059907694,91.04297298027234,87.66914606916515
2011-01-17 09:00:00,45.524869467351834,78.1440874658226,53.315201651399846
2011-01-17 10:00:00,27.1381206931693,45.87447641455078,95.02326687471496
2011-01-17 11:00:00,40.7258103355963,5.315944209213674,49.03185729839162
2011-01-17 12:00:00,49.888110620956795,49.0778294754596,68.87319748088603
2011-01-17 13:00:00,79.40601241035213,11.918084110952377,20.45390104220829
2011-01-17 14:00:00,82.52173616351459,85.7152032732343,91.98383994277187
2011-01-17 15:00:00,66.4063836467931,19.27799479376905,18.72072964251339
2011-01-17 16:00:00,48.52769842559358,82.58803801987408,11.870320218806253
2011-01-17 17:00:00,68.22633693920875,12.5170672574074,62.034157087148124
2011-01-17 18:00:00,99.28922734367477,3.884964751264064,72.85334478436125
2011-01-17 19:00:00,55.38038170002979,68.65241566972092,75.02687986466813
2011-01-17 20:00:00,33.94981722643574,22.465752927818315,84.36189763313912
2011-01-17 21:00:00,92.09734622698367,78.1315159296858,15.683176649074715
2011-01-17 22:00:00,33.0878936004755,67.55081309059386,26.094460169248578
2011-01-17 23:00:00,85.55124120917621,94.82142909478235,29.480197168823285
2011-01-18 00:00:00,15.764111019849292,34.535953774433295,82.7919168903324
2011-01-18 01:00:00,51.27895324239563,59.02569491560548,16.87317250595778
2011-01-18 02:00:00,76.31551374141696,88.65177515446761,57.130722024566936
2011-01-18 03:00:00,47.11434898208875,18.452492343028638,56.64151188732971
2011-01-18 04:00:00,35.52424311075001,50.70265254205414,58.933913385443596
2011-01-18 05:00:00,20.201696537682643,1.2858298396489665,64.85702094399866
2011-01-18 06:00:00,18.989619137223734,13.802675327935631,59.90636122997295
2011-01-18 07:00:00,5.425456067253198,77.21235321856736,46.3512708389533
2011-01-18 08:00:00,57.409135451626604,42.64455935009961,30.730272230324353
2011-01-18 09:00:00,81.65716941124721,34.26365829594465,3.8680921195924145
2011-01-18 10:00:00,99.66401220978489,57.45119593838257,71.10103196537455
2011-01-18 11:00:00,42.89922166839363,72.3933622457933,87.04323975971037
2011-01-18 12:00:00,44.01911253529731,56.55545459703784,74.44669391168436
2011-01-18 13:00:00,68.9912916482324,9.916968161895968,83.52741628676372
2011-01-18 14:00:00,21.878207766927137,24.840586470433955,93.34338104798783
2011-01-18 15:00:00,79.68780633584458,77.63690369670057,61.02315394572161
2011-01-18 16:00:00,71.36646320865219,42.452064420656654,74.5272661876993
2011-01-18 17:00:00,18.813307541471836,70.06352215270306,49.973549686542725
2011-01-18 18:00:00,83.51943255528307,24.998744409675776,95.87940229786298
2011-01-18 19:00:00,60.88167284053758,5.082084173471124,96.95515864524019
2011-01-18 20:00:00,33.6117211850622,22.20558490807979,2.932518916260196
2011-01-18 21:00:00,65.47044638820849,35.70434243216503,81.296619259461
2011-01-18 22:00:00,41.773698787385804,23.918699886718752,82.28471132450653
2011-01-18 23:00:00,91.21083249584291,24.354253485321774,52.96526815252679
2011-01-19 00:00:00,10.643246902171422,27.454770366556648,57.07902605967957
2011-01-19 01:00:00,61.32004069636853,99.40633155589889,26.64310455375041
2011-01-19 02:00:00,63.497134678645295,24.713859681312368,43.638336177334025
2011-01-19 03:00:00,11.210002575551293,98.31929640712318,52.53356126580837
2011-01-19 04:00:00,43.53224923248489,28.065787565963806,66.52750403031843
2011-01-19 05:00:00,53.80048667252717,27.4873809576351,88.94530538671275
2011-01-19 06:00:00,6.972220201421675,0.36614233264896656,34.299149087468464
2011-01-19 07:00:00,30.749661838981357,33.63552306716049,33.94301010540733
2011-01-19 08:00:00,5.2450270623601085,9.021554707114522,95.15276172120042
2011-01-19 09:00:00,98.13805829752967,9.866295231309753,2.1766551353393337
2011-01-19 10:00:00,88.98343836528866,48.97089617960542,93.57491620476928
2011-01-19 11:00:00,2.7109015370759493,33.09524305034211,71.63917891926663
2011-01-19 12:00:00,22.254737620726296,73.0776905202925,78.03743417630892
2011-01-19 13:00:00,70.37061603312016,60.466721379592755,52.73453235042509
2011-01-19 14:00:00,96.95039306744096,70.27919835904245,82.29258159471564
2011-01-19 15:00:00,71.97457746112981,38.10037165132126,89.17737562401808
2011-01-19 16:00:00,98.33486788801888,80.30982938521363,64.73586017461517
2011-01-19 17:00:00,50.956918875105885,48.66501245497975,59.54215910487276
2011-01-19 18:00:00,68.52148212283032,74.91008596371086,13.811402429051334
2011-01-19 19:00:00,37.38922562756647,45.777887549888995,89.52220424793192
2011-01-19 20:00:00,36.4052247011361,45.31807590280732,21.678380066105774
2011-01-19 21:00:00,41.0433149211742,74.92110763901111,16.04545067500126
2011-01-19 22:00:00,2.4810698076240034,30.70356213938362,0.6926927938272653
2011-01-19 23:00:00,51.65370848297379,75.14207260225196,97.28646226073636
2011-01-20 00:00:00,81.36482278986298,57.39807735635654,54.03473839980758
2011-01-20 01:00:00,7.896068843451287,2.81094393990019,98.68369862089644
2011-01-20 02:00:00,20.803726381781118,76.45317467417443,73.12989916675393
2011-01-20 03:00:00,88.74509501069838,71.72539177366166,64.24425115352405
2011-01-20 04:00:00,57.83428330619156,14.27521423151683,5.348767937145482
2011-01-20 05:00:00,80.72765835615631,61.01203585361535,23.514146404804205
2011-01-20 06:00:00,51.32572414261652,9.582109491789058,54.273224024822596
2011-01-20 07:00:00,2.6455855056521815,81.43335074052267,34.74333684573505
2011-01-20 08:00:00,14.433645835810028,34.0697848768374,16.89792341499774
2011-01-20 09:00:00,17.65740720425406,11.068439698299137,63.84181043413136
2011-01-20 10:00:00,57.66895011784151,60.51937561796762,33.778418952491265
2011-01-20 11:00:00,83.85310858572801,50.987366526120724,90.84847577715645
2011-01-20 12:00:00,14.417018408856963,15.151493306073727,1.624467547977937
2011-01-20 13:00:00,63.16781480962258,79.63215780254397,38.10632251300453
2011-01-20 14:00:00,63.552285274302236,94.94121611295061,90.37437912866595
2011-01-20 15:00:00,7.806760151358194,80.38817497717487,15.959666045218835
2011-01-20 16:00:00,67.92310330107684,44.73613267249251,24.81708797492379
2011-01-20 17:00:00,8.786328333309557,84.94872682685339,80.40343877915276
2011-01-20 18:00:00,5.680014635180641,67.89456265428073,13.32946291735051
2011-01-20 19:00:00,82.55751127609773,48.597846693281966,43.601403405292714
2011-01-20 20:00:00,69.49583993486932,78.50172677032118,94.4852574296143
2011-01-20 21:00:00,2.755100697624513,45.07061714852332,81.02252967539269
2011-01-20 22:00:00,11.42236166204741,28.265445763692643,71.3140155974347
2011-01-20 23:00:00,20.03835648928487,81.56111434382902,71.9427514017536
2011-01-21 00:00:00,78.6482061989687,27.897687676284765,10.739608871085583
2011-01-21 01:00:00,11.642702006652172,31.76910143852233,68.04192881192708
2011-01-21 02:00:00,62.89095138711437,93.73433123011776,67.04756073912289
2011-01-21 03:00:00,14.224704910101515,85.61603288103277,11.110634768709405
2011-01-21 04:00:00,16.368411593320996,74.71972986107575,10.755549461220593
2011-01-21 05:00:00,29.40253870252135,35.60036069177362,46.72061681803336
2011-01-21 06:00:00,71.90525249920738,59.29734466832974,38.36344633312612
2011-01-21 07:00:00,19.53284589410459,61.639545177906996,95.65246202640323
2011-01-21 08:00:00,11.58419693430095,43.03501240461607,33.74212124365832
2011-01-21 09:00:00,13.920675184579622,76.23529524355726,91.6791579317723
2011-01-21 10:00:00,67.90946019862717,93.27502075862499,38.61623411244851
2011-01-21 11:00:00,88.12348118858372,36.485393195454165,99.47274368421506
2011-01-21 12:00:00,53.49913949332107,40.76713982529754,46.53852591847125
2011-01-21 13:00:00,22.78231731270701,43.652355410893726,37.04455162685727
2011-01-21 14:00:00,97.4799123960434,11.854449249543176,88.34977666067132
2011-01-21 15:00:00,84.42100638869886,92.99740905628936,31.952778164808173
2011-01-21 16:00:00,83.81480786051002,74.61351584478052,30.888341016719455
2011-01-21 17:00:00,26.423611245187427,63.27086922048429,45.326541840697324
2011-01-21 18:00:00,48.65661452953769,67.75757371954529,39.075040585988255
2011-01-21 19:00:00,90.03682344371106,64.44280484408107,92.80966591601609
2011-01-21 20:00:00,93.82968830007601,91.46376020122162,76.09988554530909
2011-01-21 21:00:00,62.66063567053208,31.787382730292013,29.92790392339454
2011-01-21 22:00:00,74.24883167342117,62.91760509946904,81.52383168936633
2011-01-21 23:00:00,1.2251380731552297,10.570196315597002,82.65539712188128
2011-01-22 00:00:00,76.0895782018879,6.531360729096258,88.723569041776
2011-01-22 01:00:00,65.67265301860313,34.97309007670584,64.6935178536291
2011-01-22 02:00:00,3.6558020039901606,30.25007763428018,96.49832703525998
2011-01-22 03:00:00,22.280265776557997,16.172548933125384,48.40867201777732
2011-01-22 04:00:00,54.927533920992765,74.48289974476464,96.86698070211497
2011-01-22 05:00:00,72.37460980062144,57.70222899041855,52.98604474070135
2011-01-22 06:00:00,63.59916599407922,66.63072019050792,91.88579029823246
2011-01-22 07:00:00,64.53954748831738,99.66938858871126,49.53532621316543
2011-01-22 08:00:00,67.37947948142437,7.509825680166282,90.73132478499795
2011-01-22 09:00:00,33.18890522430073,23.568219478654797,54.21696215816982
2011-01-22 10:00:00,45.83697699268882,97.7215742185469,99.81928157785914
2011-01-22 11:00:00,21.445020600406206,62.03964978682755,5.724255643287401
2011-01-22 12:00:00,74.9112449907854,60.48451080278072,40.94981429432367
2011-01-22 13:00:00,81.00489815814484,27.926398196683667,53.40735540329394
2011-01-22 14:00:00,19.640997608748446,78.02633362006316,90.54692024151805
2011-01-22 15:00:00,93.55825196817939,7.675418326417082,99.60979090695831
2011-01-22 16:00:00,3.115793833917224,20.711521524943898,68.22151870354061
2011-01-22 17:00:00,81.2001144141363,0.6986879889028463,50.05604579508296
2011-01-22 18:00:00,1.8196067225017987,9.06758561663369,21.159956037219295
2011-01-22 19:00:00,15.547086857997128,73.69757905542897,57.82224282735658
2011-01-22 20:00:00,13.217585659741005,59.22105589400925,72.66211876364055
2011-01-22 21:00:00,42.68951259717561,88.54678089638483,23.7303698338584
2011-01-22 22:00:00,9.96587382342332,87.63831433081606,84.33563053670103
2011-01-22 23:00:00,49.585668431034634,51.11316595774377,75.30672472900608
2011-01-23 00:00:00,74.5366463888755,74.87639947452394,33.32775982441175
2011-01-23 01:00:00,11.598843605661136,95.34105764920928,78.52723677468992
2011-01-23 02:00:00,47.62117264940267,76.13692894581148,32.773620132279746
2011-01-23 03:00:00,65.75973090583726,49.48642186755181,42.99728931252426
2011-01-23 04:00:00,16.411381569790418,40.26471742517109,41.70653164634531
2011-01-23 05:00:00,84.49330429204223,72.14339945916758,65.73206206232885
2011-01-23 06:00:00,93.33918940074962,66.55121705362504,52.491337279818765
2011-01-23 07:00:00,53.407280137530655,47.590308842932814,53.1403946138855
2011-01-23 08:00:00,41.39364475216072,73.89376625777821,97.36968981631856
2011-01-23 09:00:00,11.111986290493869,17.052792496488046,37.17723672089128
2011-01-23 10:00:00,95.9148576717016,40.779602973400905,7.676101303846838
2011-01-23 11:00:00,91.57621071818096,38.777861448929215,48.01500690167651
2011-01-23 12:00:00,93.21425808634353,22.2020897727215,77.97655838261551
2011-01-23 13:00:00,68.56073290717373,33.24558696476284,69.94094517849058
2011-01-23 14:00:00,67.57382608243084,44.272169459708486,81.75582297696128
2011-01-23 15:00:00,69.42909943534495,20.25025099979345,54.52294042632491
2011-01-23 16:00:00,9.263439926810236,57.073051659000065,17.785807527598195
2011-01-23 17:00:00,21.430167234534203,49.435301841521394,45.92969120760802
2011-01-23 18:00:00,4.076183511348952,86.66168201300242,0.028188073611457032
2011-01-23 19:00:00,64.54850713902957,80.53686479915537,62.659191409482254
2011-01-23 20:00:00,65.53631512952816,52.63875235172525,95.21616073746193
2011-01-23 21:00:00,40.03962868211982,11.705438805757618,2.4165748423962574
2011-01-23 22:00:00,74.2405061838708,42.94553749322123,78.30797039513018
2011-01-23 23:00:00,61.922088702541664,43.87144200965854,47.891923265141514
2011-01-24 00:00:00,28.619248685335652,8.683022119691364,67.02527460852578
2011-01-24 01:00:00,71.55785750021053,99.58856865443198,86.4071139113343
2011-01-24 02:00:00,78.46329788803753,35.957924048515586,88.90397780627629
2011-01-24 03:00:00,86.4239721815986,55.80805354341519,92.93293717258284
2011-01-24 04:00:00,1.1007914509082672,83.26073571439667,92.65597729963501
2011-01-24 05:00:00,2.9430989230912252,11.900874334276557,62.04319871551968
2011-01-24 06:00:00,75.48143408927324,8.887086260866518,36.30404494971504
2011-01-24 07:00:00,48.84864428531752,89.44768778439057,83.7690965120042
2011-01-24 08:00:00,43.82308692343075,47.71225464375415,80.23003882570711
2011-01-24 09:00:00,18.9062555969817,21.290622448620724,2.429603705525263
2011-01-24 10:00:00,46.056717644840205,32.043885025295616,48.64631530296029
2011-01-24 11:00:00,3.157800691463719,57.419764851434095,89.25102298657809
2011-01-24 12:00:00,80.0164425707868,28.864835665297928,7.885388951686512
2011-01-24 13:00:00,5.261199050969334,60.896547203641894,63.535687397989726
2011-01-24 14:00:00,39.6411075390194,38.445266419020676,25.503845221517473
2011-01-24 15:00:00,65.86529290768681,79.85244356334404,27.556576152365842
2011-01-24 16:00:00,86.62064735680372,85.94324298748055,63.74010993793765
2011-01-24 17:00:00,4.351011538276506,47.8725264627755,80.79378764046614
2011-01-24 18:00:00,61.47233140646742,73.2416055529037,91.61201643747225
2011-01-24 19:00:00,53.45239661963579,43.65206831210663,25.97073992533926
2011-01-24 20:00:00,76.00881602781195,76.53333836137297,28.29043583963028
2011-01-24 21:00:00,99.68218221833098,65.83673348893305,15.302943305727146
2011-01-24 22:00:00,81.07056692689908,75.27878742292545,88.3178729867357
2011-01-24 23:00:00,42.2960069319994,37.14923447317475,33.097797879941396
2011-01-25 00:00:00,42.7628048917541,40.536716732786985,92.36616818499682
2011-01-25 01:00:00,14.011964514177944,19.287839563128696,11.657629753114573
2011-01-25 02:00:00,15.393961838449254,56.94009226275112,56.03820243939984
2011-01-25 03:00:00,72.75646397620743,24.465279863741387,3.0196939286287416
2011-01-25 04:00:00,30.065921619219715,28.911558817342854,28.470922319638824
2011-01-25 05:00:00,79.73696663366788,6.492651042537389,53.325347840560056
2011-01-25 06:00:00,59.406437546858434,96.05924958510083,75.73104314668116
2011-01-25 07:00:00,99.9822029110856,82.39630377758311,39.215911410943896
2011-01-25 08:00:00,53.03445514610702,42.24445428137922,6.013566484311195
2011-01-25 09:00:00,96.56813419350712,35.00033689397948,11.63313007053679
2011-01-25 10:00:00,11.208885143181902,91.07697688710036,22.447202332709647
2011-01-25 11:00:00,52.460031334998945,57.71463645535404,74.86496923473325
2011-01-25 12:00:00,43.739267592586074,18.990098832807412,64.6350628385057
2011-01-25 13:00:00,26.251653707463205,48.47882442906338,78.36124394096377
2011-01-25 14:00:00,71.58901073582746,72.94870733116272,56.771248987126064
2011-01-25 15:00:00,18.279926338192944,83.5637286021569,96.59418589759106
2011-01-25 16:00:00,28.27993920148366,81.79730118625884,75.29028832917852
2011-01-25 17:00:00,98.57851900971359,75.73318079560005,34.266020701247044
2011-01-25 18:00:00,47.440955204168965,62.09813654284779,48.813277921900344
2011-01-25 19:00:00,40.37459933053748,27.786548904733255,10.642296208594615
2011-01-25 20:00:00,90.00713387119819,88.70691667418133,68.35841328088506
2011-01-25 21:00:00,2.013409903365382,4.790866986255948,3.0647577724658315
2011-01-25 22:00:00,50.29726222126939,34.12462927739415,78.69550061081645
2011-01-25 23:00:00,9.79004658255217,51.09977227777854,49.99289874578893
2011-01-26 00:00:00,39.459763948097034,74.70509238019466,34.285225075338566
2011-01-26 01:00:00,12.706386989964159,40.91317247084828,35.988539813767964
2011-01-26 02:00:00,87.3351937943624,48.97937536469683,13.453577545679096
2011-01-26 03:00:00,22.464436050867842,46.991381241320184,99.77714601086983
2011-01-26 04:00:00,87.35012071775161,5.057210283557079,63.00466864249952
2011-01-26 05:00:00,59.43496194584359,2.2022736432021683,18.707772102926413
2011-01-26 06:00:00,50.93996995937251,90.52524320914367,30.482075588090186
2011-01-26 07:00:00,58.50529963067873,60.271364556076534,19.25515332591663
2011-01-26 08:00:00,24.761592866621672,16.11761734090028,69.88779027070937
2011-01-26 09:00:00,60.88854954541628,7.711373710706681,16.283318616949273
2011-01-26 10:00:00,74.40609897317646,97.67752946862227,89.01620535634007
2011-01-26 11:00:00,70.21165703999928,78.72425634311708,63.98512807873238
2011-01-26 12:00:00,89.45930542145425,92.38732484480924,79.3126764352049
2011-01-26 13:00:00,42.72977952128206,93.2969155522035,3.5509638167192215
2011-01-26 14:00:00,45.177844863931284,19.39704952867951,46.235964037448
2011-01-26 15:00:00,11.349003584410266,30.522715827043733,38.33250234169908
2011-01-26 16:00:00,10.296716922200888,72.19218674777235,65.408221702301
2011-01-26 17:00:00,30.589058458150888,89.77620739063032,69.88208883636234
2011-01-26 18:00:00,84.29740708283433,0.9442907152471314,46.83533539264679
2011-01-26 19:00:00,60.04459384209142,4.959709715384896,60.65229558116998
2011-01-26 20:00:00,17.447002888973984,77.80810525727618,97.92726839528623
2011-01-26 21:00:00,91.76901053215796,67.0267371276813,38.046826847943116
2011-01-26 22:00:00,92.01450907831314,95.77713738566332,73.00370775443167
2011-01-26 23:00:00,60.70939354136168,67.88215135022836,66.34752209587148
2011-01-27 00:00:00,87.92181372620591,15.79699416205591,39.42672590121871
2011-01-27 01:00:00,37.85252728624952,78.78789781433125,49.657221880429816
2011-01-27 02:00:00,96.4590580817404,83.24020476251609,75.45488519329774
2011-01-27 03:00:00,67.35272171137568,49.26161531952024,86.90724042125221
2011-01-27 04:00:00,25.969405145637815,86.44055308085038,53.74320302911044
2011-01-27 05:00:00,12.746242198459912,77.83916015881451,46.93995267870381
2011-01-27 06:00:00,26.963606395785366,48.53019722960915,95.31607409795501
2011-01-27 07:00:00,19.050164153628856,14.967927273888638,71.44006125210477
2011-01-27 08:00:00,40.01947696143867,47.47719796779217,13.021151699709677
2011-01-27 09:00:00,60.69385651080964,16.522165560347922,74.91501282342311
2011-01-27 10:00:00,5.879899730050919,56.53335794157288,18.71777597631653
2011-01-27 11:00:00,2.685091732017564,1.9592080594473482,65.14236105090896
2011-01-27 12:00:00,67.26859820694851,24.579721285267254,88.65617538644062
2011-01-27 13:00:00,7.098495914535963,69.12169958600654,8.490511193449635
2011-01-27 14:00:00,33.71586804271776,65.8870655445366,95.15263054085783
2011-01-27 15:00:00,13.330098620993635,26.893563783374784,96.4864355638237
2011-01-27 16:00:00,36.00189416832901,54.228402386279754,92.70881166817576
2011-01-27 17:00:00,80.56612947886815,62.52225293244707,77.31069955654043
2011-01-27 18:00:00,25.04798473473914,86.05917695822512,52.36322184072042
2011-01-27 19:00:00,33.010979434386186,75.11373086131893,10.255459312604431
2011-01-27 20:00:00,94.70955679416039,97.04507224637437,40.6285204998953
2011-01-27 21:00:00,40.77519424205738,30.090928608021194,73.96359835438636
2011-01-27 22:00:00,79.97385137901318,76.89983245103676,86.90348472923533
2011-01-27 23:00:00,38.23249376567627,98.83184498402137,14.689037208784184
2011-01-28 00:00:00,87.187410209903,93.0965538664685,14.467883107044532
2011-01-28 01:00:00,30.570635347469167,89.36553049407597,35.577064716979244
2011-01-28 02:00:00,37.75961754619978,21.341540150068205,14.938229274463954
2011-01-28 03:00:00,54.735017767704754,66.89241515085266,99.0914935350793
2011-01-28 04:00:00,99.72970788415331,37.283738145474885,22.780906104492203
2011-01-28 05:00:00,11.718669121746705,12.093608718892913,67.191643593654
2011-01-28 06:00:00,37.531124295386554,39.865963657909276,9.700813714425038
2011-01-28 07:00:00,6.4167768534193375,93.39523328033617,80.39070882679738
2011-01-28 08:00:00,55.095133687397535,28.271306232310177,69.03530102804773
2011-01-28 09:00:00,16.188860773918467,99.22201150745529,21.37174344997024
2011-01-28 10:00:00,80.27795406017756,1.4270256618416077,46.50452061267204
2011-01-28 11:00:00,59.91605941497499,66.75057529887602,84.89655241828504
2011-01-28 12:00:00,74.40227846779612,63.83702214560532,69.7851195659667
2011-01-28 13:00:00,94.91878094052772,99.19645053140395,87.85980537834484
2011-01-28 14:00:00,20.154819282020497,24.05183169784123,77.30868606022254
2011-01-28 15:00:00,93.31950479575814,91.28600605894921,4.9571813359177375
2011-01-28 16:00:00,32.11865708530928,71.8729571952083,79.90127807939925
2011-01-28 17:00:00,88.39018148866337,51.107944383587565,92.94120178161242
2011-01-28 18:00:00,31.615560460684023,23.190193006092606,7.828310421272944
2011-01-28 19:00:00,89.59373980057607,9.118771878402166,70.69696954675692
2011-01-28 20:00:00,89.43935732265899,76.6493962350891,91.69589783750499
2011-01-28 21:00:00,81.15094419845856,60.43840704183976,6.838234241158969
2011-01-28 22:00:00,33.64555684492254,13.875085885718995,18.380779892245247
2011-01-28 23:00:00,30.40307599240396,12.709175436310648,73.99488189750284
2011-01-29 00:00:00,5.3812762464561565,56.21960491271384,99.12681983345027
2011-01-29 01:00:00,86.82313692712978,54.133040717199755,42.71752243159364
2011-01-29 02:00:00,33.09788076818126,6.608610304971019,0.35389515681331085
2011-01-29 03:00:00,46.174757437341064,21.987653043198364,62.723150675388915
2011-01-29 04:00:00,33.487167393668535,91.11207599726887,73.69429766233915
2011-01-29 05:00:00,69.73091823984261,8.05960410909574,13.572966540339316
2011-01-29 06:00:00,44.003646857205084,5.554281884957179,49.75593573258209
2011-01-29 07:00:00,87.20844376504925,57.521045927080905,74.71522890610127
2011-01-29 08:00:00,70.79611485660251,1.2189697608806171,0.46685252847180614
2011-01-29 09:00:00,48.80889798911857,61.968080690496826,21.633726696894662
2011-01-29 10:00:00,93.75200420186538,66.64912119175906,29.474700927904774
2011-01-29 11:00:00,99.50483980481744,30.131835821942488,82.96139609443811
2011-01-29 12:00:00,80.5897988156462,60.74767217425349,88.98169181400246
2011-01-29 13:00:00,61.21338125101467,46.86444428502888,51.86304183313922
2011-01-29 14:00:00,29.55400144229866,38.26422299247258,87.80540003572797
2011-01-29 15:00:00,56.33202825918483,99.81895898327805,78.09852014403873
2011-01-29 16:00:00,51.12174533409167,99.37290555225793,7.127660072841568
2011-01-29 17:00:00,34.714825364170785,73.10858350940316,57.69118752680848
2011-01-29 18:00:00,8.672245947579526,51.96731989612654,96.91433097324908
2011-01-29 19:00:00,86.05519195444043,66.55155760132226,57.89205845138865
2011-01-29 20:00:00,77.7351759991396,8.005432267880375,82.06082259995861
2011-01-29 21:00:00,43.26950920297911,99.17763390392437,58.68770933594644
2011-01-29 22:00:00,64.37482891924464,43.26611753696844,37.9835893041694
2011-01-29 23:00:00,14.422491878210941,77.50082046269644,84.98394547515107
2011-01-30 00:00:00,33.71184398082724,90.90121303016929,63.78085714475629
2011-01-30 01:00:00,77.75010211267085,8.2488672880787,22.545635556486044
2011-01-30 02:00:00,11.466308856368757,28.94855516514574,46.82863464164239
2011-01-30 03:00:00,34.262478924352656,30.91036113378507,98.59261606842651
2011-01-30 04:00:00,46.380581795033805,42.09249243963449,31.531723984146076
2011-01-30 05:00:00,6.173871711502265,26.73246990469923,82.05867665596956
2011-01-30 06:00:00,22.3210254295418,17.396984905130953,58.0392208351696
2011-01-30 07:00:00,69.06790408529672,33.36569965489255,47.189671843327105
2011-01-30 08:00:00,17.47760788895277,21.456886581396873,98.67999692502264
2011-01-30 09:00:00,6.522784483841148,96.40606677632518,14.089131056238525
2011-01-30 10:00:00,59.96712330735857,87.76895974132457,43.04055510231113
2011-01-30 11:00:00,46.15348777559208,52.04212834632369,3.5567435769814026
2011-01-30 12:00:00,30.39824486082664,54.85237859933486,23.316908180063265
2011-01-30 13:00:00,19.035594426894164,31.980180185697126,15.146824245841994
2011-01-30 14:00:00,36.46920995776709,86.2530662239885,48.150759612143034
2011-01-30 15:00:00,61.21768425901403,26.660571241549835,39.71104346194275
2011-01-30 16:00:00,65.89081705087617,54.24057984471881,21.418558403220842
2011-01-30 17:00:00,41.948445069722794,25.05569351990131,33.6748482337913
2011-01-30 18:00:00,47.58284078043261,27.06684983293045,65.57283870726329
2011-01-30 19:00:00,65.5799557694836,32.20810181226238,58.83152803220997
2011-01-30 20:00:00,76.73376401906391,68.01880263593044,48.20272912293899
2011-01-30 21:00:00,71.58459139105027,66.05871644844855,69.40591944962715
2011-01-30 22:00:00,5.6030884752870875,94.04271124319031,46.02612223360366
2011-01-30 23:00:00,41.85733897313894,67.82060451448508,74.25907231600317
2011-01-31 00:00:00,88.13451127309366,6.365156762146285,48.84038242455886
2011-01-31 01:00:00,61.66174279638209,17.317742280892457,53.242677673796436
2011-01-31 02:00:00,10.928883606714844,46.97542309767324,52.48517832542314
2011-01-31 03:00:00,13.31601614868838,88.8480450192744,19.523829713233233
2011-01-31 04:00:00,41.92502230288394,11.350709330379317,23.64208845203296
2011-01-31 05:00:00,67.75010654479459,64.16160336623807,19.083843591005934
2011-01-31 06:00:00,14.507488349128216,70.91327216086886,0.5180914615708798
2011-01-31 07:00:00,28.984337266227435,47.501616406784606,28.110507184028165
2011-01-31 08:00:00,23.00719176339008,58.43387270913464,10.434534929385563
2011-01-31 09:00:00,83.86212575026765,83.15285867727812,6.718672726091624
2011-01-31 10:00:00,95.23661943272899,43.46970108694901,59.20695506430388
2011-01-31 11:00:00,75.43772997514594,18.787268722568918,70.12120116421028
2011-01-31 12:00:00,72.25154641722042,68.34275331190017,72.4205218075924
2011-01-31 13:00:00,71.54157941200994,77.25738773920287,0.7192386187811262
2011-01-31 14:00:00,58.39222085134247,6.854616160539573,7.325956708590542
2011-01-31 15:00:00,82.21328216542064,71.31130938030398,80.3242688949998
2011-01-31 16:00:00,89.63129709515253,69.88768999979513,88.55689624220928
2011-01-31 17:00:00,40.78626832518854,76.47006593269253,11.309424423319914
2011-01-31 18:00:00,21.602813395477405,27.070383002726828,56.000935525911956
2011-01-31 19:00:00,73.45385279229633,26.11781473411404,2.9930536035467026
2011-01-31 20:00:00,17.51161611347578,87.20269714075044,30.320722173993985
2011-01-31 21:00:00,29.10089303051755,78.98479040100044,42.726111141306355
2011-01-31 22:00:00,85.08192826148361,63.05055054681022,53.627507953416256
2011-01-31 23:00:00,81.13149732892221,24.277269252515467,10.919020187384266
2011-02-01 00:00:00,57.14410831759664,65.9722855948983,20.95781829427692
2011-02-01 01:00:00,89.68368596910614,44.39475790768348,84.31351716903234
2011-02-01 02:00:00,4.30141458394232,1.3049296664133347,11.780103054319458
2011-02-01 03:00:00,77.00151134615884,98.5638544151445,23.13091931806416
2011-02-01 04:00:00,45.18684674234267,80.67277199728484,78.70575548309368
2011-02-01 05:00:00,35.874041422598225,65.28273705497408,88.38423160892476
2011-02-01 06:00:00,7.713446367577093,91.30634821654489,93.34404581976906
2011-02-01 07:00:00,76.53121500526306,82.3126747162441,2.240404241354421
2011-02-01 08:00:00,29.765102858376512,72.49809732196394,29.95144948480527
2011-02-01 09:00:00,72.03169622787053,37.573230391629245,9.18764577616149
2011-02-01 10:00:00,0.20782133463723707,84.26239557386869,45.613790420767266
2011-02-01 11:00:00,83.11431368096405,97.09986974844071,40.24348868354043
2011-02-01 12:00:00,82.113531383733,29.147007244534596,14.726070542249259
2011-02-01 13:00:00,27.286650377228604,98.82421704355554,61.37812940997255
2011-02-01 14:00:00,9.276872171601491,40.8052588480133,65.58760667574013
2011-02-01 15:00:00,50.69067191803885,48.29551193025967,42.0464381374588
2011-02-01 16:00:00,0.18199712510512667,83.72648528118457,19.321313928434268
2011-02-01 17:00:00,12.184979626333181,91.83848489169513,77.08861917427
2011-02-01 18:00:00,70.87464587016376,76.49802320981343,87.53989812575028
2011-02-01 19:00:00,15.506653633612988,47.269671140922654,56.33336503177714
2011-02-01 20:00:00,74.38803814229922,43.24019337054268,86.86514013282047
2011-02-01 21:00:00,49.71860587558427,7.756027818493427,62.64253815323927
2011-02-01 22:00:00,84.60396013855832,50.54022664284009,10.188732101864117
2011-02-01 23:00:00,10.273437109818284,51.063979300913665,55.18302196280705
2011-02-02 00:00:00,57.24278953246012,26.751997615865942,14.120520514271085
2011-02-02 01:00:00,49.64008799028775,57.023636571911275,82.93460968735809
2011-02-02 02:00:00,83.04113836843425,63.10955384041045,20.50961340432589
2011-02-02 03:00:00,15.482618939395277,2.836309491559874,92.17717309991416
2011-02-02 04:00:00,81.5455735479197,68.81726463168545,22.157309687484382
2011-02-02 05:00:00,9.270055591523285,72.70862191232884,35.84608447445123
2011-02-02 06:00:00,96.9735688901633,24.892985950392088,18.09169490825131
2011-02-02 07:00:00,34.17573762188222,27.24040411274997,3.0683483477604745
2011-02-02 08:00:00,10.808629959291094,65.5814519339341,67.30913409663347
2011-02-02 09:00:00,71.99653792444683,34.86878162294774,92.30201003564949
2011-02-02 10:00:00,81.7535468230816,37.67068984077121,52.918442635433415
2011-02-02 11:00:00,42.44226993730873,22.815551280315972,67.41763083651662
2011-02-02 12:00:00,67.67039532801432,10.483277768977095,58.762538078032655
2011-02-02 13:00:00,79.40419775631716,22.060153871822852,38.7083506247573
2011-02-02 14:00:00,37.57409033467397,59.908532349194374,95.34624213484031
2011-02-02 15:00:00,2.438568607089342,12.100680488537863,17.54654855161073
2011-02-02 16:00:00,1.2324799401193798,48.789878307197796,26.46497811638725
2011-02-02 17:00:00,59.75105667923584,52.59333268211257,81.78200865925098
2011-02-02 18:00:00,25.17767385848577,83.59253787500668,80.08291757236992
2011-02-02 19:00:00,35.324710224915414,83.807068793065,63.91448427414284
2011-02-02 20:00:00,63.92991582727656,33.97555478230455,11.478212541602506
2011-02-02 21:00:00,46.29579923971485,19.862604661812146,90.78780699719937
2011-02-02 22:00:00,91.21508835615161,87.88042579734126,47.85622966883673
2011-02-02 23:00:00,6.784266564034358,78.08592445701895,61.888547470746246
2011-02-03 00:00:00,55.893345434384365,11.19136977373284,10.54762862277272
2011-02-03 01:00:00,98.914720350223,25.589893558860755,3.456032368017936
2011-02-03 02:00:00,22.734435624278937,63.737782228403994,54.69556938740988
2011-02-03 03:00:00,66.28687081468851,93.94425188893398,24.101414135490263
2011-02-03 04:00:00,84.07725422998185,44.388203226451296,5.500143908536215
2011-02-03 05:00:00,44.1750955226041,17.73847199910581,62.06596020040722
2011-02-03 06:00:00,25.990175370107117,7.418690779648996,68.91950502253893
2011-02-03 07:00:00,66.76888131008445,72.44248682139067,12.439037475526248
2011-02-03 08:00:00,42.93779425197596,75.28226865859257,59.48174040090496
2011-02-03 09:00:00,51.53030414200872,25.61207357064389,73.6002170354297
2011-02-03 10:00:00,24.586438864974212,39.12853344282784,78.19772717378144
2011-02-03 11:00:00,64.45935940699789,83.58733313311846,86.5563888039272
2011-02-03 12:00:00,47.00278081686581,50.775285742378664,46.83328546204953
2011-02-03 13:00:00,24.321128471725938,94.80537309148313,39.55927062101241
2011-02-03 14:00:00,68.65398927772762,85.50526978292919,78.9772728578812
2011-02-03 15:00:00,1.2146277025785301,63.5061982390274,84.26071157470793
2011-02-03 16:00:00,48.89034909048158,82.42166025735051,17.595850712480356
2011-02-03 17:00:00,20.301667512764322,96.42239360204859,97.229562970439
2011-02-03 18:00:00,3.9764053037822156,18.078379430333356,0.653772504619643
2011-02-03 19:00:00,36.13682984980417,65.19528097218915,55.424845089401295
2011-02-03 20:00:00,18.456203103578538,48.467936138670495,3.194662844217
2011-02-03 21:00:00,26.428772844571746,84.63453678242219,36.85387888328977
2011-02-03 22:00:00,49.91972631160924,32.626048638956206,6.920334525531424
2011-02-03 23:00:00,30.575660738469857,67.97208077386368,50.66664354134423
2011-02-04 00:00:00,77.51592605751718,36.102831612456264,99.30539867174485
2011-02-04 01:00:00,9.461569023734073,93.09540073919649,84.23384378772938
2011-02-04 02:00:00,65.18058683769816,24.389721024523137,90.08518905016945
2011-02-04 03:00:00,49.23324336240638,53.47529153121249,79.78612865192046
2011-02-04 04:00:00,46.215247211851505,99.4138313912196,17.524292322648606
2011-02-04 05:00:00,51.25148310345477,89.18874411831649,33.662814707055034
2011-02-04 06:00:00,32.666253499998824,95.13674952611201,93.98617593396416
2011-02-04 07:00:00,58.41032619381426,96.36592469907768,44.882819945849036
2011-02-04 08:00:00,72.15970040055403,4.014607954086835,3.5958113733961294
2011-02-04 09:00:00,23.095656394893716,22.62985847625909,35.073594013066625
2011-02-04 10:00:00,12.18758361758352,88.52035549327708,46.646012546978355
2011-02-04 11:00:00,65.40824794974023,91.945523951503,82.40108675033866
2011-02-04 12:00:00,80.54622576414874,3.756343591015654,69.70030661944662
2011-02-04 13:00:00,48.15375940841786,23.586481220302524,99.7107513943686
2011-02-04 14:00:00,13.644327065869156,88.86140013505735,34.51779867302386
2011-02-04 15:00:00,30.680395922641,19.558893384553688,75.29393933375414
2011-02-04 16:00:00,48.45184189318034,78.46131920343296,49.75020634185292
2011-02-04 17:00:00,98.36488642817484,92.71361402763316,36.2109885213682
2011-02-04 18:00:00,39.959702499021155,86.02546152749399,79.01560916749554
2011-02-04 19:00:00,1.3850493585196522,5.471378414941864,84.96155882252535
2011-02-04 20:00:00,32.12769961520109,45.79641583753315,44.12819627908943
2011-02-04 21:00:00,62.503420625579984,39.11715658796887,1.6390682537500756
2011-02-04 22:00:00,62.86472047652788,17.11745740162994,71.15360197354804
2011-02-04 23:00:00,28.835674686843316,78.08768866862795,80.79251358933347
2011-02-05 00:00:00,43.12785594788377,62.257138385092134,3.7167370257088383
2011-02-05 01:00:00,77.35272641195343,46.30031120507275,96.78346041200463
2011-02-05 02:00:00,12.512309406200616,89.92821741311325,16.622510329947627
2011-02-05 03:00:00,54.50276719503553,86.35610824154902,54.49661790856011
2011-02-05 04:00:00,82.18909030454981,25.242144263906276,66.93501626651286
2011-02-05 05:00:00,62.353073175644845,96.9323120814955,30.035216589674786
2011-02-05 06:00:00,98.1941749135357,90.88909753711677,78.58164748392639
2011-02-05 07:00:00,48.77311180630068,71.55942073507278,33.2650301150347
2011-02-05 08:00:00,24.7455164824007,32.934928400261086,20.152734048860445
2011-02-05 09:00:00,70.0363020561771,90.98848221170334,49.19161602905
2011-02-05 10:00:00,36.76209885929411,83.50425431221309,17.34921656945265
2011-02-05 11:00:00,25.6247742603831,71.72507798083194,72.49376069357416
2011-02-05 12:00:00,64.53689739431655,25.748194160485394,95.37604499443711
2011-02-05 13:00:00,85.31975615545537,12.232989853340538,45.23406281484979
2011-02-05 14:00:00,67.65543895100426,78.81839964715812,30.409194342764568
2011-02-05 15:00:00,44.00366425226617,54.16602266753476,50.154441040010155
2011-02-05 16:00:00,35.85569989571664,47.419376061244975,37.11139065804245
2011-02-05 17:00:00,97.02156696153577,73.89785597599767,0.19965370714416508
2011-02-05 18:00:00,0.9171381040744664,64.712129741186,17.581018616394918
2011-02-05 19:00:00,25.95477095211348,12.135566474732862,94.41247179090831
2011-02-05 20:00:00,28.534980757888718,72.33473340763962,75.31372682887827
2011-02-05 21:00:00,50.361188058315086,16.49994916532702,38.73441677805942
2011-02-05 22:00:00,79.82496670154184,24.659664238887522,89.39789547333918
2011-02-05 23:00:00,9.777103321484592,47.773971758575684,30.249386766844445
2011-02-06 00:00:00,25.177843256529087,54.04410233877647,88.89305618635497
2011-02-06 01:00:00,75.10119433833434,82.57587520967402,19.55742739241456
2011-02-06 02:00:00,29.887718182271726,85.97013073918527,65.23127586578622
2011-02-06 03:00:00,57.21821587212344,45.88521195388638,35.36256399357536
2011-02-06 04:00:00,77.02260656456332,18.065089569361415,56.591639596562345
2011-02-06 05:00:00,88.57114547282906,3.5782577994913023,27.290822211521494
2011-02-06 06:00:00,76.49583425821271,10.650572171509221,55.5372842071709
2011-02-06 07:00:00,47.1484127488845,72.50418029468871,16.313875067267915
2011-02-06 08:00:00,61.97892777514824,38.8409597582138,83.51769918249228
2011-02-06 09:00:00,98.11204709127679,13.988908841884218,82.33861000205735
2011-02-06 10:00:00,35.974255767817766,29.731353364978364,90.25344292541654
2011-02-06 11:00:00,81.64997893173366,59.52455731527547,8.414978180250365
2011-02-06 12:00:00,74.82693053851082,62.54897702688999,58.07876245378233
2011-02-06 13:00:00,66.26153494793783,66.2288926120443,39.502841656198385
2011-02-06 14:00:00,25.58190983509473,83.46248616160085,33.56678117136891
2011-02-06 15:00:00,18.632501922563094,51.792682237165785,88.44476088215218
2011-02-06 16:00:00,33.34827483289483,47.190984654693814,96.21988845944993
2011-02-06 17:00:00,83.5813073098682,54.5508177699441,94.18161925602817
2011-02-06 18:00:00,18.031739197646957,25.37211695662266,79.86095717330087
2011-02-06 19:00:00,80.8045154870381,7.668498407016577,70.74083193557763
2011-02-06 20:00:00,40.71409650983671,4.734809276054208,37.238694195495604
2011-02-06 21:00:00,59.22510874587423,19.89478324617314,6.249094941182309
2011-02-06 22:00:00,31.121985965484956,47.37391623202709,50.86232755744241
2011-02-06 23:00:00,21.655189824786447,97.53717388034782,57.01359830163724
2011-02-07 00:00:00,71.48769597866689,53.176450112723685,16.3258480301104
2011-02-07 01:00:00,2.136979301027586,1.2586806211955182,36.062198965894574
2011-02-07 02:00:00,7.3597218867415215,69.28572988874026,63.69282233749687
2011-02-07 03:00:00,84.3973191286801,95.78181763095441,7.662911963574281
2011-02-07 04:00:00,46.521602047427045,99.80791917367416,2.4487537188580877
2011-02-07 05:00:00,72.76497008634213,63.54687964904711,29.500091512840065
2011-02-07 06:00:00,65.12077217161367,27.151125738242854,20.198835420497062
2011-02-07 07:00:00,36.76757728013633,38.8595138475068,72.00006223840649
2011-02-07 08:00:00,37.07456932796571,17.088604464195367,91.90601781536685
2011-02-07 09:00:00,16.792690399064647,11.46448739523952,72.41021552535484
2011-02-07 10:00:00,22.7827100993945,55.51478060195693,18.961214343493616
2011-02-07 11:00:00,78.44277463819024,78.03882929932789,62.09639343252098
2011-02-07 12:00:00,84.78538398367039,52.74335744719908,80.68590905159526
2011-02-07 13:00:00,17.562350938745496,20.438288217079716,33.19454709654027
2011-02-07 14:00:00,58.36687302602175,93.0736220599599,49.79195388586925
2011-02-07 15:00:00,89.34682157705387,58.29502444210463,90.29017333410404
2011-02-07 16:00:00,79.99151370533937,23.11803878399148,85.85453181454092
2011-02-07 17:00:00,73.35837002209419,68.63865247759907,76.85684050558343
2011-02-07 18:00:00,83.97722598764558,51.93382203167004,54.16697295156509
2011-02-07 19:00:00,26.168537767594067,42.291994784066645,38.19173045709152
2011-02-07 20:00:00,80.13429445975797,40.00997020778564,48.093419374742695
2011-02-07 21:00:00,74.54237670418115,11.605165645674331,76.94910714903386
2011-02-07 22:00:00,81.43864071739891,67.94070964500769,89.67411478485651
2011-02-07 23:00:00,31.472203176208303,79.57036832452953,22.74346037426681
2011-02-08 00:00:00,90.76191037333702,47.501311363904954,12.349518155720563
2011-02-08 01:00:00,82.26942472668557,40.44519226099968,81.93529103610418
2011-02-08 02:00:00,74.19010651909423,61.39101952432281,78.24069247690761
2011-02-08 03:00:00,69.30593294318994,57.38046344773563,19.606248153342555
2011-02-08 04:00:00,51.83603714776097,94.78545726694581,93.02244133215169
2011-02-08 05:00:00,71.05722912022556,62.867588146458154,67.41133150728609
2011-02-08 06:00:00,15.225767565820547,65.58583474333393,54.55414725518371
2011-02-08 07:00:00,28.850780462038482,16.596319470337008,62.73600573138774
2011-02-08 08:00:00,12.966377433807763,78.47845909040144,80.67916051898136
2011-02-08 09:00:00,18.777314745018526,75.85761717639397,43.80921431855984
2011-02-08 10:00:00,21.825479682130855,99.74701685021878,59.838140610401915
2011-02-08 11:00:00,96.93009371964828,47.5993204961113,89.11221480799483
2011-02-08 12:00:00,3.0369845378103832,6.555693879388347,48.780406703146106
2011-02-08 13:00:00,1.4760935655193208,14.416160981258619,18.307382201854296
2011-02-08 14:00:00,63.800808824459175,15.813833093912733,26.429537446493477
2011-02-08 15:00:00,74.54960550127086,60.50195437198863,5.948535068773997
2011-02-08 16:00:00,67.75843380386425,13.111501886696997,12.231014130718354
2011-02-08 17:00:00,0.27659980241723225,40.70937100835743,47.36071772047288
2011-02-08 18:00:00,43.68466661932141,44.97384876214353,54.05838132612192
2011-02-08 19:00:00,6.749018597326395,36.58717165188815,66.63419669623289
2011-02-08 20:00:00,18.32145087411736,93.75533510582179,87.7108974871032
2011-02-08 21:00:00,81.30878649470377,47.677174377198114,1.3347494656296588
2011-02-08 22:00:00,43.134158506026644,65.22178064756298,40.68869540559016
2011-02-08 23:00:00,16.614628157050404,86.77906890420988,76.37625785313061
2011-02-09 00:00:00,68.08024201247667,74.16958028449432,70.41601334964494
2011-02-09 01:00:00,63.8775942768433,98.23627350954115,83.05101070300506
2011-02-09 02:00:00,34.25090864034313,96.57127876461008,53.185783831853136
2011-02-09 03:00:00,72.55032244105654,60.95915482941039,22.73657402540319
2011-02-09 04:00:00,42.25833977003548,89.07373984554093,39.354221189058926
2011-02-09 05:00:00,76.23276027479783,92.50186909019779,17.548819277909587
2011-02-09 06:00:00,69.30721103302302,80.67957751247602,51.3173266241366
2011-02-09 07:00:00,64.11560910420792,66.11371854421998,79.88987852099324
2011-02-09 08:00:00,42.061407924228654,22.838888271325576,13.148104778632508
2011-02-09 09:00:00,66.37298552738264,96.02361749566803,98.7196504843113
2011-02-09 10:00:00,20.442971272160115,7.218500979293507,68.3116833968754
2011-02-09 11:00:00,41.78582160692563,50.43563666078422,65.53814638137239
2011-02-09 12:00:00,90.23697123859029,77.24693213584119,26.24777734013878
2011-02-09 13:00:00,69.639447273986,86.14096517164711,35.77239144316287
2011-02-09 14:00:00,15.831406795393654,0.2683270845760033,12.141971629266447
2011-02-09 15:00:00,44.63571483524853,55.20716613054431,45.355379671865514
2011-02-09 16:00:00,68.37489813119035,5.17916747800411,56.83651771000437
2011-02-09 17:00:00,93.59586440643652,33.407110132655326,23.594971863221925
2011-02-09 18:00:00,35.93110077297354,89.17959937416803,89.50876225307162
2011-02-09 19:00:00,53.00056239429001,61.63544400708011,96.69486480752973
2011-02-09 20:00:00,2.4721701043664335,45.15935743989451,98.14988143322726
2011-02-09 21:00:00,31.18846998890922,22.21410694076258,69.66811288883792
2011-02-09 22:00:00,8.941175960593329,75.6607303842302,75.29306897527553
2011-02-09 23:00:00,67.4802467059046,77.96040380608584,77.123990795695
2011-02-10 00:00:00,5.5749009671007155,29.912412989805837,5.6500588606057995
2011-02-10 01:00:00,23.315231755476518,4.9677921394827855,3.8121437539191394
2011-02-10 02:00:00,61.62962572374793,69.97860255655047,36.21026141642074
2011-02-10 03:00:00,84.96970859511309,55.953399711254725,32.82352096324088
2011-02-10 04:00:00,68.71280060585951,98.32818464638,68.42987724194141
2011-02-10 05:00:00,28.54645606941151,44.45018574645031,2.085811329096443
2011-02-10 06:00:00,12.914577301211583,43.66535769807038,32.78872981304443
2011-02-10 07:00:00,23.70694117339418,9.699693724937486,27.976541033480228
2011-02-10 08:00:00,52.41851719769566,83.7763819572142,28.72396970795418
2011-02-10 09:00:00,37.695263723837755,31.92266108823424,44.162613541033856
2011-02-10 10:00:00,37.285994749974705,16.63831081090541,67.06057384182445
2011-02-10 11:00:00,61.80648621352985,4.32469080386354,19.9936400699525
2011-02-10 12:00:00,11.00244285940889,35.173199205770665,32.66129759657933
2011-02-10 13:00:00,22.014222058792832,25.87465758891996,91.67672653730186
2011-02-10 14:00:00,30.998340102704514,39.81623401582708,57.39363110717479
2011-02-10 15:00:00,97.40383594565749,72.01321105363846,82.90683500408993
2011-02-10 16:00:00,65.66883003728157,67.37268714828679,87.93309357630335
2011-02-10 17:00:00,88.3118860481462,83.73880141194611,36.16498816707219
2011-02-10 18:00:00,8.748304095806681,71.55918300272961,54.38721716540608
2011-02-10 19:00:00,57.12641305523876,24.869530816349016,47.96751431451077
2011-02-10 20:00:00,60.00872126813937,61.799914627164085,0.07531728646652525
2011-02-10 21:00:00,85.37260304554714,96.26380898380393,0.5376236804859325
2011-02-10 22:00:00,43.2018336829658,45.33549337672059,83.58184156655565
2011-02-10 23:00:00,33.28201973050615,51.27984220992528,84.01820281332384
2011-02-11 00:00:00,33.62225801928753,43.13497144967855,14.688924194246633
2011-02-11 01:00:00,24.841905855323766,36.94413508004833,72.57416652898911
2011-02-11 02:00:00,47.4056428222799,21.130413737938404,19.153501830608754
2011-02-11 03:00:00,63.22272338933761,97.86097338345724,95.64428665902209
2011-02-11 04:00:00,17.714955086326924,88.73507757088296,63.61483608302498
2011-02-11 05:00:00,50.7313894158702,33.04837494759063,57.49295553195287
2011-02-11 06:00:00,36.287528098258434,41.932539506842005,32.190557383284556
2011-02-11 07:00:00,63.92265708911412,4.182000508830508,73.1455703413884
2011-02-11 08:00:00,89.82463374942667,72.413570319293,44.33887856046796
2011-02-11 09:00:00,78.81704283983517,74.04864857386158,8.095641680434507
2011-02-11 10:00:00,68.11257856757106,53.489482411572894,40.80885689139853
2011-02-11 11:00:00,91.6916242436207,30.456800077253774,81.0876728737722
2011-02-11 12:00:00,10.804904094632771,38.475130012429425,24.401798724801903
2011-02-11 13:00:00,11.372616417788583,46.220712892946395,16.33790194165171
2011-02-11 14:00:00,93.36165305758568,56.95431346742913,27.628550687973963
2011-02-11 15:00:00,82.09726101098255,51.175809716347466,83.05769677864885
